Model,Split,accuracy,precision,recall,f1,auc_pr
XGBoost,Validation,0.9104983780595695,0.6801541425818882,0.4445843828715365,0.5376999238385377,0.651974083964655
XGBoost,Test,0.9035682689472132,0.6284658040665434,0.4287515762925599,0.5097451274362819,0.602961901442909
MLP,Validation,0.9082866411088174,0.6692913385826772,0.4282115869017632,0.522273425499232,0.6206931955198429
MLP,Test,0.904452963727514,0.6418786692759295,0.4136191677175284,0.5030674846625767,0.5930223983206228
