{
  "val": {
    "accuracy": 0.9127101150103214,
    "precision": 0.6661184210526315,
    "recall": 0.5100755667506297,
    "f1": 0.5777460770328102,
    "auc_pr": 0.6331247387004266
  },
  "test": {
    "accuracy": 0.9040106163373636,
    "precision": 0.60790273556231,
    "recall": 0.5044136191677175,
    "f1": 0.5513439007580979,
    "auc_pr": 0.6020349863552689
  },
  "train_time_sec": 6.039999999999054
}