{
  "val": {
    "accuracy": 0.9082866411088174,
    "precision": 0.6692913385826772,
    "recall": 0.4282115869017632,
    "f1": 0.522273425499232,
    "auc_pr": 0.6206931955198429
  },
  "test": {
    "accuracy": 0.904452963727514,
    "precision": 0.6418786692759295,
    "recall": 0.4136191677175284,
    "f1": 0.5030674846625767,
    "auc_pr": 0.5930223983206228
  },
  "train_time_sec": 26.980801099998644
}