Model,Accuracy,Precision,Recall,F1,AUC-PR,Training Time (s)
XGBoost,0.9035682689472132,0.6284658040665434,0.4287515762925599,0.5097451274362819,0.602961901442909,0.34331899999961024
MLP,0.9040106163373636,0.60790273556231,0.5044136191677175,0.5513439007580979,0.6020349863552689,6.039999999999054
