{
  "val": {
    "accuracy": 0.9104983780595695,
    "precision": 0.6801541425818882,
    "recall": 0.4445843828715365,
    "f1": 0.5376999238385377,
    "auc_pr": 0.651974083964655
  },
  "test": {
    "accuracy": 0.9035682689472132,
    "precision": 0.6284658040665434,
    "recall": 0.4287515762925599,
    "f1": 0.5097451274362819,
    "auc_pr": 0.602961901442909
  },
  "train_time_sec": 0.7479754000014509
}